name,phone,email,pan_number,city,address
Arjun A,7922890357,arjun@gmail.com,ABCDE1234A,city1,address1
Gaurav S,4023772482,gaurav@gmail.com,ABCDE1234B,city2,address2
MD Awaiz,2228743739,awaiz@gmail.com,ABCDE1234C,city3,address3
Rajat Mahajan,2226396731,rajat@gmail.com,ABCDE1234D,city4,address4
Abhishek A,3324476117,abhishek@gmail.com,ABCDE1234E,city5,address5
Deepak,3324476118,deepak@gmail.com,ABCDE1234F,city6,address6
Akshat A,3324476119,akshat@gmail.com,ABCDE1234G,city7,address7